rank,Name,Domain,tech_stack,reason,redirect_same_company,gate_reason,enrichment_errors,apify_visits,outreach_priority
125.0,Advocate,ouradvocates.com/,webflow,ACQUIRED_REDIRECT,same_company,"Redirects off-domain: ouradvocates.com -> joinadvocate.com. Content would belong to joinadvocate.com, not the prospect.",,79440.0,na
566.0,Cargo,getcargo.io,next.js,ACQUIRED_REDIRECT,same_company,"Redirects off-domain: getcargo.io -> getcargo.ai. Content would belong to getcargo.ai, not the prospect.",,14678.0,na
158.0,Aside,asidehq.com,next.js,ACQUIRED_REDIRECT,same_company,"Redirects off-domain: asidehq.com -> aside.com. Content would belong to aside.com, not the prospect.",,7396.0,na
119.0,Mentra,mentra.glass/,shopify,ACQUIRED_REDIRECT,same_company,"Redirects off-domain: mentra.glass -> mentraglass.com. Content would belong to mentraglass.com, not the prospect.",,6656.0,na
127.0,warmwind,warmwind.space/,react,ACQUIRED_REDIRECT,same_company,"Redirects off-domain: warmwind.space -> warmwind.com. Content would belong to warmwind.com, not the prospect.",,5083.0,na
439.0,Plend,plend.co.uk,webflow,ACQUIRED_REDIRECT,same_company,"Redirects off-domain: plend.co.uk -> plend.com. Content would belong to plend.com, not the prospect.",,4449.0,na
475.0,Revyl,www.revyl.ai,react,ACQUIRED_REDIRECT,same_company,"Redirects off-domain: revyl.ai -> revyl.com. Content would belong to revyl.com, not the prospect.",Desktop: HTTP 500,3652.0,na
460.0,FTX US,ftx.us/,react,ACQUIRED_REDIRECT,same_company,"Redirects off-domain: ftx.us -> ftx.com. Content would belong to ftx.com, not the prospect.",,2296.0,na
797.0,Brainbase,usebrainbase.com,next.js,ACQUIRED_REDIRECT,same_company,"Redirects off-domain: usebrainbase.com -> brainbaselabs.com. Content would belong to brainbaselabs.com, not the prospect.",,2110.0,na
273.0,Educato AI,www.educato.ai/,react,ACQUIRED_REDIRECT,same_company,"Redirects off-domain: educato.ai -> educato.com. Content would belong to educato.com, not the prospect.",,1896.0,na
492.0,Foodini,getfoodini.com,next.js,ACQUIRED_REDIRECT,same_company,"Redirects off-domain: getfoodini.com -> foodini.co. Content would belong to foodini.co, not the prospect.",,1659.0,na
574.0,TAHO,taho.is/,custom/static,ACQUIRED_REDIRECT,same_company,"Redirects off-domain: taho.is -> taholabs.com. Content would belong to taholabs.com, not the prospect.",,1406.0,na
909.0,Ranger AI,www.rangerrfx.com/,next.js,ACQUIRED_REDIRECT,same_company,"Redirects off-domain: rangerrfx.com -> rangerx.ai. Content would belong to rangerx.ai, not the prospect.",,983.0,na
783.0,Dodo,www.dodo.health,react,ACQUIRED_REDIRECT,same_company,"Redirects off-domain: dodo.health -> dodo.ai. Content would belong to dodo.ai, not the prospect.",,836.0,na
165.0,Aktos,www.getaktos.com,webflow,ACQUIRED_REDIRECT,same_company,"Redirects off-domain: getaktos.com -> aktos.ai. Content would belong to aktos.ai, not the prospect.",,679.0,na
505.0,Entendre Finance,entendre.finance/,next.js,ACQUIRED_REDIRECT,same_company,"Redirects off-domain: entendre.finance -> entendre.ai. Content would belong to entendre.ai, not the prospect.",,440.0,na
663.0,Assemble Labs,www.assemblelabs.co,wordpress,ACQUIRED_REDIRECT,same_company,"Redirects off-domain: assemblelabs.co -> assemblelabs.ai. Content would belong to assemblelabs.ai, not the prospect.",,419.0,na
940.0,Optiwatt,getoptiwatt.com/,custom/static,ACQUIRED_REDIRECT,same_company,"Redirects off-domain: getoptiwatt.com -> optiwatt.com. Content would belong to optiwatt.com, not the prospect.",Desktop: HTTP 400,407.0,na
710.0,VoiceLine,www.getvoiceline.com,framer,ACQUIRED_REDIRECT,same_company,"Redirects off-domain: getvoiceline.com -> voiceline.ai. Content would belong to voiceline.ai, not the prospect.",,362.0,na
468.0,Studdy,www.studdy.ai/,next.js,ACQUIRED_REDIRECT,same_company,"Redirects off-domain: studdy.ai -> studdyai.com. Content would belong to studdyai.com, not the prospect.",,343.0,na
368.0,HYBRD,www.hybrd.app/,next.js,ACQUIRED_REDIRECT,same_company,"Redirects off-domain: hybrd.app -> hybrd.com. Content would belong to hybrd.com, not the prospect.",,0.0,na
536.0,DRIMCo,drimco.net,webflow,ACQUIRED_REDIRECT,same_company,"Redirects off-domain: drimco.net -> drimco.ai. Content would belong to drimco.ai, not the prospect.",,0.0,na
560.0,resourcly,www.resourcly.earth,framer,ACQUIRED_REDIRECT,same_company,"Redirects off-domain: resourcly.earth -> resourcly.com. Content would belong to resourcly.com, not the prospect.",,0.0,na
610.0,Needle,needle-ai.com/,next.js,ACQUIRED_REDIRECT,same_company,"Redirects off-domain: needle-ai.com -> needle.app. Content would belong to needle.app, not the prospect.",,0.0,na
657.0,Akave,www.akave.ai/,webflow,ACQUIRED_REDIRECT,same_company,"Redirects off-domain: akave.ai -> akave.com. Content would belong to akave.com, not the prospect.",,0.0,na
673.0,Valyu,www.valyu.network/,next.js,ACQUIRED_REDIRECT,same_company,"Redirects off-domain: valyu.network -> valyu.ai. Content would belong to valyu.ai, not the prospect.",,0.0,na
680.0,Stable Sea,www.stablesea.xyz,framer,ACQUIRED_REDIRECT,same_company,"Redirects off-domain: stablesea.xyz -> stablesea.com. Content would belong to stablesea.com, not the prospect.",,0.0,na
712.0,Advex AI,www.advex.ai,framer,ACQUIRED_REDIRECT,same_company,"Redirects off-domain: advex.ai -> advexai.com. Content would belong to advexai.com, not the prospect.",,0.0,na
741.0,Mosaic,usemosaic.ai/,next.js,ACQUIRED_REDIRECT,same_company,"Redirects off-domain: usemosaic.ai -> mosaic.so. Content would belong to mosaic.so, not the prospect.",,0.0,na
753.0,Noded Ai,noded.so,webflow,ACQUIRED_REDIRECT,same_company,"Redirects off-domain: noded.so -> getnoded.ai. Content would belong to getnoded.ai, not the prospect.",,0.0,na
774.0,Coinfeeds,www.coinfeeds.io,webflow,ACQUIRED_REDIRECT,same_company,"Redirects off-domain: coinfeeds.io -> coinfeeds.ai. Content would belong to coinfeeds.ai, not the prospect.",,0.0,na
775.0,Agora,www.voteagora.com/,next.js,ACQUIRED_REDIRECT,same_company,"Redirects off-domain: voteagora.com -> agora.xyz. Content would belong to agora.xyz, not the prospect.",,0.0,na
796.0,hud,www.hud.so/,next.js,ACQUIRED_REDIRECT,same_company,"Redirects off-domain: hud.so -> hud.ai. Content would belong to hud.ai, not the prospect.",,0.0,na
801.0,Pangolin,digpangolin.com,next.js,ACQUIRED_REDIRECT,same_company,"Redirects off-domain: digpangolin.com -> pangolin.net. Content would belong to pangolin.net, not the prospect.",,0.0,na
843.0,Nomain,www.nomain.ai,webflow,ACQUIRED_REDIRECT,same_company,"Redirects off-domain: nomain.ai -> nomain.com. Content would belong to nomain.com, not the prospect.","Security: SSL: HTTPSConnectionPool(host='www.nomain.ai', port=443",0.0,na
850.0,The Mintable,www.getmintable.com,webflow,ACQUIRED_REDIRECT,same_company,"Redirects off-domain: getmintable.com -> themintable.co. Content would belong to themintable.co, not the prospect.",,0.0,na
853.0,ValueBase,www.valuebase.co/,next.js,ACQUIRED_REDIRECT,same_company,"Redirects off-domain: valuebase.co -> valuebase.ai. Content would belong to valuebase.ai, not the prospect.",,0.0,na
858.0,Airial Travel,airial.live/,custom/static,ACQUIRED_REDIRECT,same_company,"Redirects off-domain: airial.live -> airial.travel. Content would belong to airial.travel, not the prospect.",,0.0,na
869.0,Uviquity,uviquity.ai/,webflow,ACQUIRED_REDIRECT,same_company,"Redirects off-domain: uviquity.ai -> uviquity.com. Content would belong to uviquity.com, not the prospect.","Security: SSL: HTTPSConnectionPool(host='uviquity.ai', port=443):",0.0,na
881.0,Axe,joinaxe.io,hubspot,ACQUIRED_REDIRECT,same_company,"Redirects off-domain: joinaxe.io -> joinaxe.ai. Content would belong to joinaxe.ai, not the prospect.",,0.0,na
894.0,Alexandria Labs,alexandrialabs.xyz,next.js,ACQUIRED_REDIRECT,same_company,"Redirects off-domain: alexandrialabs.xyz -> alexandriabooks.com. Content would belong to alexandriabooks.com, not the prospect.",,0.0,na
897.0,Emblematic,www.getemblematic.ai/,webflow,ACQUIRED_REDIRECT,same_company,"Redirects off-domain: getemblematic.ai -> emblematic.ai. Content would belong to emblematic.ai, not the prospect.",,0.0,na
901.0,Guac,www.tryguac.co,next.js,ACQUIRED_REDIRECT,same_company,"Redirects off-domain: tryguac.co -> guac.com. Content would belong to guac.com, not the prospect.",,0.0,na
910.0,Hosta Labs,hostalabs.com,wordpress,ACQUIRED_REDIRECT,same_company,"Redirects off-domain: hostalabs.com -> hosta.ai. Content would belong to hosta.ai, not the prospect.",,0.0,na
914.0,Olympix,www.olympix.ai,webflow,ACQUIRED_REDIRECT,same_company,"Redirects off-domain: olympix.ai -> olympix.security. Content would belong to olympix.security, not the prospect.",,0.0,na
924.0,Edexia,www.edexia.ai/,next.js,ACQUIRED_REDIRECT,same_company,"Redirects off-domain: edexia.ai -> edexia.com. Content would belong to edexia.com, not the prospect.",,0.0,na
928.0,Malibou,www.malibou.co,webflow,ACQUIRED_REDIRECT,same_company,"Redirects off-domain: malibou.co -> malibou.com. Content would belong to malibou.com, not the prospect.",,0.0,na
929.0,SoloPulse,www.solopulseco.com/,wordpress,ACQUIRED_REDIRECT,same_company,"Redirects off-domain: solopulseco.com -> solopulse.com. Content would belong to solopulse.com, not the prospect.",,0.0,na
930.0,Noble XYZ,nobleassets.xyz,framer,ACQUIRED_REDIRECT,same_company,"Redirects off-domain: nobleassets.xyz -> noble.xyz. Content would belong to noble.xyz, not the prospect.",Mobile: HTTP 500; Desktop: HTTP 500,0.0,na
931.0,Hedgehog,githedgehog.com,hubspot,ACQUIRED_REDIRECT,same_company,"Redirects off-domain: githedgehog.com -> hedgehog.cloud. Content would belong to hedgehog.cloud, not the prospect.",,0.0,na
951.0,IOMED,www.iomed.es/,webflow,ACQUIRED_REDIRECT,same_company,"Redirects off-domain: iomed.es -> iomed.health. Content would belong to iomed.health, not the prospect.",,0.0,na
971.0,Ark Labs,arklabs.to,framer,ACQUIRED_REDIRECT,same_company,"Redirects off-domain: arklabs.to -> arklabs.xyz. Content would belong to arklabs.xyz, not the prospect.",,0.0,na
989.0,Altitude AI,altitudeai.ai,hubspot,ACQUIRED_REDIRECT,same_company,"Redirects off-domain: altitudeai.ai -> getaltitudeai.com. Content would belong to getaltitudeai.com, not the prospect.",,0.0,na
991.0,Conapto,www.conapto.se/,wordpress,ACQUIRED_REDIRECT,same_company,"Redirects off-domain: conapto.se -> conapto.com. Content would belong to conapto.com, not the prospect.",,0.0,na
998.0,Corca,corca.io/,next.js,ACQUIRED_REDIRECT,same_company,"Redirects off-domain: corca.io -> corca.app. Content would belong to corca.app, not the prospect.",,0.0,na
38.0,MagicBrief,magicbrief.com/,webflow,ACQUIRED_REDIRECT,review,"The website announces the shutdown of MagicBrief and directs users to Canva Grow, stating that the MagicBrief team has joined Canva and users should migrate to Canva's platform.",,107773.0,na
131.0,Droidrun,www.droidrun.ai/,custom/static,ACQUIRED_REDIRECT,review,"The page explicitly states ""We've moved to mobilerun.ai"" and ""droidrun has evolved into the mobilerun framework"", indicating the company's primary site has shifted to a new domain/brand. This page serves as a redirect notice to the new entity/brand.",,24056.0,na
58.0,vly.ai,www.vly.ai/,next.js,ACQUIRED_REDIRECT,review,"The page explicitly states 'vly.ai has been acquired by Freebuff' and directs users to 'Go to Freebuff Web' for new accounts and project access, indicating a transition to the acquiring company's platform.",,14448.0,na
221.0,Daylight,www.daylight.xyz/,custom/static,ACQUIRED_REDIRECT,review,"The page explicitly states 'Daylight is now Clicker' and provides a description of Clicker, along with a link to 'Visit Clicker'. This indicates that the company 'Daylight' has rebranded or been acquired by 'Clicker', and the domain now serves as a transition page to the new entity.",,357.0,na
876.0,Elysium Lab,www.elysiumlab.io,custom/static,ACQUIRED_REDIRECT,review,The website clearly states 'Acquired by Blockstream' and explains that Elysium Lab's team and technology now drive Blockstream's expansion and R&D. It serves as an announcement of the acquisition.,,0.0,na
199.0,Hathora,hathora.dev/,custom/static,ACQUIRED_REDIRECT,different_company,"Redirects off-domain: hathora.dev -> gamefabric.com. Content would belong to gamefabric.com, not the prospect.",,6444.0,na
212.0,Keywords AI,keywordsai.co,next.js,ACQUIRED_REDIRECT,different_company,"Redirects off-domain: keywordsai.co -> respan.ai. Content would belong to respan.ai, not the prospect.",,5183.0,na
683.0,SDF,www.sdf.com,squarespace,ACQUIRED_REDIRECT,different_company,"Redirects off-domain: sdf.com -> getdbt.com. Content would belong to getdbt.com, not the prospect.",,3525.0,na
943.0,Firefly Energy Solutions,firefly-es.com/,squarespace,ACQUIRED_REDIRECT,different_company,"Redirects off-domain: firefly-es.com -> oneprimera.com. Content would belong to oneprimera.com, not the prospect.",,2273.0,na
243.0,MCP Use,mcp-use.com/,next.js,ACQUIRED_REDIRECT,different_company,"Redirects off-domain: mcp-use.com -> manufact.com. Content would belong to manufact.com, not the prospect.",,1015.0,na
709.0,Composabl,www.composabl.com/,framer,ACQUIRED_REDIRECT,different_company,"Redirects off-domain: composabl.com -> amesa.com. Content would belong to amesa.com, not the prospect.",,405.0,na
412.0,Eden,tryeden.ai,next.js,ACQUIRED_REDIRECT,different_company,"Redirects off-domain: tryeden.ai -> quotain.com. Content would belong to quotain.com, not the prospect.",,288.0,na
778.0,DataWollet,www.datawollet.com/,webflow,ACQUIRED_REDIRECT,different_company,"Redirects off-domain: datawollet.com -> onteric.com. Content would belong to onteric.com, not the prospect.",,232.0,na
619.0,Cleancard,www.cleancard.bio,custom/static,ACQUIRED_REDIRECT,different_company,"Redirects off-domain: cleancard.bio -> numen.com. Content would belong to numen.com, not the prospect.",,147.0,na
223.0,GibsonAI,www.gibsonai.com,next.js,ACQUIRED_REDIRECT,different_company,"Redirects off-domain: gibsonai.com -> memorilabs.ai. Content would belong to memorilabs.ai, not the prospect.",,0.0,na
277.0,WilsonAI,www.getwilson.ai/,next.js,ACQUIRED_REDIRECT,different_company,"Redirects off-domain: getwilson.ai -> claren.law. Content would belong to claren.law, not the prospect.",,0.0,na
324.0,Palisade,www.palisade.co,next.js,ACQUIRED_REDIRECT,different_company,"Redirects off-domain: palisade.co -> ripple.com. Content would belong to ripple.com, not the prospect.",,0.0,na
427.0,Accountstory,www.accountstory.com,react,ACQUIRED_REDIRECT,different_company,"Redirects off-domain: accountstory.com -> hustlebot.ai. Content would belong to hustlebot.ai, not the prospect.",,0.0,na
517.0,Deckmatch,www.deckmatch.com,nuxt,ACQUIRED_REDIRECT,different_company,"Redirects off-domain: deckmatch.com -> alphalens.ai. Content would belong to alphalens.ai, not the prospect.",,0.0,na
572.0,AiGent,www.aigent.energy,webflow,ACQUIRED_REDIRECT,different_company,"Redirects off-domain: aigent.energy -> agentenergy.com. Content would belong to agentenergy.com, not the prospect.",,0.0,na
649.0,CFX Labs,www.cfxlabs.com,webflow,ACQUIRED_REDIRECT,different_company,"Redirects off-domain: cfxlabs.com -> cfx.to. Content would belong to cfx.to, not the prospect.",,0.0,na
677.0,Beam,www.getbeam.cash/,hubspot,ACQUIRED_REDIRECT,different_company,"Redirects off-domain: getbeam.cash -> moderntreasury.com. Content would belong to moderntreasury.com, not the prospect.",,0.0,na
742.0,Method AI,www.methodsurgical.ai,wordpress,ACQUIRED_REDIRECT,different_company,"Redirects off-domain: methodsurgical.ai -> mthd.ai. Content would belong to mthd.ai, not the prospect.",,0.0,na
745.0,dScribe AI,dscribeai.com/,next.js,ACQUIRED_REDIRECT,different_company,"Redirects off-domain: dscribeai.com -> rebulk.com. Content would belong to rebulk.com, not the prospect.",,0.0,na
776.0,Securily,securily.com,webflow,ACQUIRED_REDIRECT,different_company,"Redirects off-domain: securily.com -> penti.ai. Content would belong to penti.ai, not the prospect.",,0.0,na
841.0,Materia,www.trymateria.ai,custom/static,ACQUIRED_REDIRECT,different_company,"Redirects off-domain: trymateria.ai -> thomsonreuters.com. Content would belong to thomsonreuters.com, not the prospect.",,0.0,na
842.0,Waybridge,waybridge.com,custom/static,ACQUIRED_REDIRECT,different_company,"Redirects off-domain: waybridge.com -> minehub.com. Content would belong to minehub.com, not the prospect.",,0.0,na
848.0,Inclusology,www.inclusology.com,shopify,ACQUIRED_REDIRECT,different_company,"Redirects off-domain: inclusology.com -> bupatitogel6.org. Content would belong to bupatitogel6.org, not the prospect.",,0.0,na
851.0,Layer,www.layereditor.com,squarespace,ACQUIRED_REDIRECT,different_company,"Redirects off-domain: layereditor.com -> openstudio.ing. Content would belong to openstudio.ing, not the prospect.",,0.0,na
855.0,Gryphon Digital Mining,gryphondigitalmining.com,webflow,ACQUIRED_REDIRECT,different_company,"Redirects off-domain: gryphondigitalmining.com -> abtc.com. Content would belong to abtc.com, not the prospect.",,0.0,na
892.0,Honeycomb,joinhoneycomb.com/,woocommerce,ACQUIRED_REDIRECT,different_company,"Redirects off-domain: joinhoneycomb.com -> totomacau99.com. Content would belong to totomacau99.com, not the prospect.",,0.0,na
895.0,Conectric Networks,www.conectric.com/,custom/static,ACQUIRED_REDIRECT,different_company,"Redirects off-domain: conectric.com -> hugedomains.com. Content would belong to hugedomains.com, not the prospect.","Security: fetch: ('Connection aborted.', ConnectionResetError(54, '",0.0,na
904.0,Ureeka,www.ureeka.biz/,wordpress,ACQUIRED_REDIRECT,different_company,"Redirects off-domain: ureeka.biz -> zenbusiness.com. Content would belong to zenbusiness.com, not the prospect.",,0.0,na
916.0,Wise Assistant,www.wiseassistant.com,next.js,ACQUIRED_REDIRECT,different_company,"Redirects off-domain: wiseassistant.com -> tryrelish.com. Content would belong to tryrelish.com, not the prospect.",,0.0,na
926.0,RockStep Solutions,rockstepsolutions.com,wordpress,ACQUIRED_REDIRECT,different_company,"Redirects off-domain: rockstepsolutions.com -> instem.com. Content would belong to instem.com, not the prospect.",,0.0,na
936.0,ThinAir™,www.thinair.ai,squarespace,ACQUIRED_REDIRECT,different_company,"Redirects off-domain: thinair.ai -> lionsharemedia.com. Content would belong to lionsharemedia.com, not the prospect.",,0.0,na
945.0,Kepler,www.kepler.co,next.js,ACQUIRED_REDIRECT,different_company,"Redirects off-domain: kepler.co -> afternic.com. Content would belong to afternic.com, not the prospect.",,0.0,na
949.0,LiquidOps,labs.liquidops.io,custom/static,ACQUIRED_REDIRECT,different_company,"Redirects off-domain: liquidops.io -> webflow.io. Content would belong to webflow.io, not the prospect.",,0.0,na
961.0,Ansible Labs,www.ansiblelabs.xyz,hubspot,ACQUIRED_REDIRECT,different_company,"Redirects off-domain: ansiblelabs.xyz -> moderntreasury.com. Content would belong to moderntreasury.com, not the prospect.",,0.0,na
967.0,Blockpliance Inc.,www.blockpliance.com,wordpress,ACQUIRED_REDIRECT,different_company,"Redirects off-domain: blockpliance.com -> blockchaingroup.io. Content would belong to blockchaingroup.io, not the prospect.",,0.0,na
976.0,Whitebox,whitebox.com,wordpress,ACQUIRED_REDIRECT,different_company,"Redirects off-domain: whitebox.com -> wbxcommerce.com. Content would belong to wbxcommerce.com, not the prospect.",,0.0,na
978.0,Rune,dusk.gg/,react,ACQUIRED_REDIRECT,different_company,"Redirects off-domain: dusk.gg -> rune.ai. Content would belong to rune.ai, not the prospect.",,0.0,na
990.0,Ribbon Education,www.ribbonedu.com,,ACQUIRED_REDIRECT,different_company,"Redirects off-domain: ribbonedu.com -> aljayplantingdreams.com. Content would belong to aljayplantingdreams.com, not the prospect.","Tech: SSL Error; AI-readiness: Raw HTML: HTTPSConnectionPool(host='www.ribbonedu.com', port; Security: SSL: HTTPSConnectionPool(host='www.ribbonedu.com', port",0.0,na
997.0,Fyn,fynhq.com,woocommerce,ACQUIRED_REDIRECT,different_company,"Redirects off-domain: fynhq.com -> qq288dx9.com. Content would belong to qq288dx9.com, not the prospect.",,0.0,na
276.0,Querio,querio.ai,framer,BLANK_RENDER,,"Screenshot rendered blank/white (100.0% white, variation 0.0). Page failed to render (JS-only app, slow load, or soft block); not gradeable.",,48940.0,na
78.0,MecAgent,mecagent.com/,framer,BLANK_RENDER,,"Screenshot rendered blank/white (100.0% white, variation 0.0). Page failed to render (JS-only app, slow load, or soft block); not gradeable.",,44101.0,na
310.0,Uxia,www.uxia.app,framer,BLANK_RENDER,,"Screenshot rendered blank/white (96.7% white, variation 11.2). Page failed to render (JS-only app, slow load, or soft block); not gradeable.",,16294.0,na
268.0,Leadbay,www.leadbay.ai/,framer,BLANK_RENDER,,"Screenshot rendered blank/white (99.5% white, variation 3.4). Page failed to render (JS-only app, slow load, or soft block); not gradeable.",,10292.0,na
168.0,EarlyDay,www.earlyday.com/,webflow,BLANK_RENDER,,"Screenshot rendered blank/white (100.0% white, variation 0.0). Page failed to render (JS-only app, slow load, or soft block); not gradeable.",,7889.0,na
67.0,Adni,www.adni.co/,svelte,BLANK_RENDER,,"Screenshot rendered blank/white (100.0% white, variation 0.0). Page failed to render (JS-only app, slow load, or soft block); not gradeable.",,7279.0,na
346.0,Mbodi AI,www.mbodi.ai/,framer,BLANK_RENDER,,"Screenshot rendered blank/white (98.6% white, variation 8.2). Page failed to render (JS-only app, slow load, or soft block); not gradeable.",Mobile: HTTP 500,4882.0,na
502.0,COMMERCE.AI,www.commerce.ai/,webflow,BLANK_RENDER,,"Screenshot rendered blank/white (100.0% white, variation 0.0). Page failed to render (JS-only app, slow load, or soft block); not gradeable.",,4754.0,na
352.0,Switchboard,switchboard.xyz,custom/static,BLANK_RENDER,,"Screenshot rendered blank/white (100.0% white, variation 0.0). Page failed to render (JS-only app, slow load, or soft block); not gradeable.",,4025.0,na
564.0,Phaselaw,phase.law,webflow,BLANK_RENDER,,"Screenshot rendered blank/white (97.2% white, variation 8.1). Page failed to render (JS-only app, slow load, or soft block); not gradeable.",,3830.0,na
856.0,Helios Blockchain,helioschain.network/,next.js,BLANK_RENDER,,"Screenshot rendered blank/white (98.4% white, variation 3.1). Page failed to render (JS-only app, slow load, or soft block); not gradeable.",Desktop: Timeout,3503.0,na
289.0,Brevian,brevian.ai/,webflow,BLANK_RENDER,,"Screenshot rendered blank/white (100.0% white, variation 0.0). Page failed to render (JS-only app, slow load, or soft block); not gradeable.",,3089.0,na
821.0,Ensemble AI,ensemblecore.ai,custom/static,BLANK_RENDER,,"Screenshot rendered blank/white (98.7% white, variation 3.9). Page failed to render (JS-only app, slow load, or soft block); not gradeable.",,2240.0,na
547.0,Riley AI,askriley.io,webflow,BLANK_RENDER,,"Screenshot rendered blank/white (98.3% white, variation 3.5). Page failed to render (JS-only app, slow load, or soft block); not gradeable.",,2054.0,na
474.0,Chezie,www.chezie.co,webflow,BLANK_RENDER,,"Screenshot rendered blank/white (98.7% white, variation 9.0). Page failed to render (JS-only app, slow load, or soft block); not gradeable.",,1616.0,na
802.0,Boya,boya.co/,custom/static,BLANK_RENDER,,"Screenshot rendered blank/white (97.2% white, variation 8.1). Page failed to render (JS-only app, slow load, or soft block); not gradeable.",,1036.0,na
766.0,Neolth,www.neolth.com,wix,BLANK_RENDER,,"Screenshot rendered blank/white (99.3% white, variation 4.7). Page failed to render (JS-only app, slow load, or soft block); not gradeable.",,611.0,na
409.0,hexafarms,hexafarms.com,webflow,BLANK_RENDER,,"Screenshot rendered blank/white (96.0% white, variation 7.2). Page failed to render (JS-only app, slow load, or soft block); not gradeable.",,446.0,na
730.0,Shader,www.shaderapp.com,custom/static,BLANK_RENDER,,"Screenshot rendered blank/white (100.0% white, variation 0.0). Page failed to render (JS-only app, slow load, or soft block); not gradeable.",Mobile: HTTP 400; Desktop: HTTP 400,252.0,na
257.0,Cognosys,www.cognosys.ai,custom/static,BLANK_RENDER,,"Screenshot rendered blank/white (98.7% white, variation 4.0). Page failed to render (JS-only app, slow load, or soft block); not gradeable.",,0.0,na
786.0,Upollo,upollo.ai/,custom/static,BLANK_RENDER,,"Screenshot rendered blank/white (100.0% white, variation 0.0). Page failed to render (JS-only app, slow load, or soft block); not gradeable.",,0.0,na
817.0,Dror Ortho-Design,www.aerodentis.com/,custom/static,BLANK_RENDER,,"Screenshot rendered blank/white (100.0% white, variation 0.0). Page failed to render (JS-only app, slow load, or soft block); not gradeable.",,0.0,na
890.0,Payclair,payclair.com,custom/static,BLANK_RENDER,,"Screenshot rendered blank/white (97.2% white, variation 8.3). Page failed to render (JS-only app, slow load, or soft block); not gradeable.",,0.0,na
6.0,Ludus,ludus.com,custom/static,BOT_BLOCKED,,HTTP 403 (blocked/forbidden).,Mobile: HTTP 500; Desktop: HTTP 500,1286171.0,na
220.0,Common Paper,www.commonpaper.com/,wordpress,BOT_BLOCKED,,HTTP 403 (blocked/forbidden).,,44602.0,na
70.0,RedBalloon,www.redballoon.work/,custom/static,BOT_BLOCKED,,HTTP 403 (blocked/forbidden).,,33893.0,na
71.0,Segments.ai,segments.ai,custom/static,BOT_BLOCKED,,HTTP 403 (blocked/forbidden).,,23453.0,na
106.0,OpenGrants,opengrants.io,custom/static,BOT_BLOCKED,,HTTP 403 (blocked/forbidden).,,15752.0,na
173.0,HomeZada,www.HomeZada.com,custom/static,BOT_BLOCKED,,HTTP 403 (blocked/forbidden).,,14593.0,na
149.0,Shape,shapescale.com/,custom/static,BOT_BLOCKED,,HTTP 403 (blocked/forbidden).,,11663.0,na
85.0,Aveade,www.aveade.com,custom/static,BOT_BLOCKED,,HTTP 403 (blocked/forbidden).,,11489.0,na
544.0,Tipple,heytipple.com/,custom/static,BOT_BLOCKED,,HTTP 403 (blocked/forbidden).,,4029.0,na
653.0,MediaWallah,mediawallah.com,custom/static,BOT_BLOCKED,,HTTP 403 (blocked/forbidden).,,2659.0,na
355.0,Mav,www.hiremav.com,custom/static,BOT_BLOCKED,,HTTP 403 (blocked/forbidden).,,2257.0,na
679.0,Industrial Data Labs,www.industrialdatalabs.com,,BOT_BLOCKED,,HTTP 403 (blocked/forbidden).,Tech: SSL Error; AI-readiness: Raw HTML: HTTPSConnectionPool(host='www.industrialdatalabs.c; Security: SSL: HTTPSConnectionPool(host='www.industrialdatalabs.c,778.0,na
650.0,Sustainable Skylines,www.sustainableskylines.com,custom/static,BOT_BLOCKED,,HTTP 403 (blocked/forbidden).,,763.0,na
883.0,Culturewell,www.getculturewell.com,custom/static,BOT_BLOCKED,,HTTP 403 (blocked/forbidden).,,694.0,na
993.0,BrainSpec,brainspecmed.com/,custom/static,BOT_BLOCKED,,HTTP 403 (blocked/forbidden).,,581.0,na
999.0,Memory Anchor Inc.,www.memoryanchor.com/,custom/static,BOT_BLOCKED,,HTTP 403 (blocked/forbidden).,,25.0,na
728.0,UNPACKING,www.unpacking.co,custom/static,BOT_BLOCKED,,HTTP 403 (blocked/forbidden).,,0.0,na
860.0,HUI,world.hui.land,custom/static,BOT_BLOCKED,,HTTP 403 (blocked/forbidden).,,0.0,na
885.0,GoLogic,gologicsolutions.com/,wordpress,BOT_BLOCKED,,HTTP 403 (blocked/forbidden).,,0.0,na
957.0,Heroes Made,heroesmade.com/,custom/static,BOT_BLOCKED,,HTTP 403 (blocked/forbidden).,,0.0,na
748.0,Absurd,absurd.com,custom/static,CAPTURE_FAILED,,"Page did not render real content after a patient re-render (post-JS words=20). Capture problem, not a dead site; recoverable -- retry the capture, do not treat as dead.",,13370.0,na
313.0,Merit Systems,www.merit.systems,next.js,CAPTURE_FAILED,,"Page did not render real content after a patient re-render (post-JS words=22). Capture problem, not a dead site; recoverable -- retry the capture, do not treat as dead.",,5610.0,na
332.0,DL Software,dl.software,squarespace,CAPTURE_FAILED,,"Page did not render real content after a patient re-render (post-JS words=15). Capture problem, not a dead site; recoverable -- retry the capture, do not treat as dead.",,4086.0,na
335.0,CarbonSix,www.carbon6robotics.com/,wix,CAPTURE_FAILED,,"Page did not render real content after a patient re-render (post-JS words=20). Capture problem, not a dead site; recoverable -- retry the capture, do not treat as dead.",,2694.0,na
479.0,SideGuide,www.sideguide.dev,next.js,CAPTURE_FAILED,,"Page did not render real content after a patient re-render (post-JS words=19). Capture problem, not a dead site; recoverable -- retry the capture, do not treat as dead.",,2535.0,na
279.0,Budgie Health,www.budgie-health.com,webflow,CAPTURE_FAILED,,"Page did not render real content after a patient re-render (post-JS words=17). Capture problem, not a dead site; recoverable -- retry the capture, do not treat as dead.",,2379.0,na
789.0,General Autonomy,ga.tech,custom/static,CAPTURE_FAILED,,"Page did not render real content after a patient re-render (post-JS words=12). Capture problem, not a dead site; recoverable -- retry the capture, do not treat as dead.",,1715.0,na
878.0,Residua AI,residua.ai/,next.js,CAPTURE_FAILED,,"Page did not render real content after a patient re-render (post-JS words=19). Capture problem, not a dead site; recoverable -- retry the capture, do not treat as dead.",,1223.0,na
498.0,Piramidal,piramidal.ai,custom/static,CAPTURE_FAILED,,"Page did not render real content after a patient re-render (post-JS words=9). Capture problem, not a dead site; recoverable -- retry the capture, do not treat as dead.",,941.0,na
283.0,TimelyAI,www.timelyai.com/,custom/static,CAPTURE_FAILED,,"Page did not render real content after a patient re-render (post-JS words=0). Capture problem, not a dead site; recoverable -- retry the capture, do not treat as dead.",,607.0,na
339.0,Vest Labs,www.vest.exchange,next.js,CAPTURE_FAILED,,"Page did not render real content after a patient re-render (post-JS words=16). Capture problem, not a dead site; recoverable -- retry the capture, do not treat as dead.",,564.0,na
602.0,idler,idler.ai/,next.js,CAPTURE_FAILED,,"Page did not render real content after a patient re-render (post-JS words=15). Capture problem, not a dead site; recoverable -- retry the capture, do not treat as dead.",,275.0,na
394.0,OneDrop,onedrop.today/,custom/static,CAPTURE_FAILED,,"Page did not render real content after a patient re-render (post-JS words=0). Capture problem, not a dead site; recoverable -- retry the capture, do not treat as dead.","Mobile: HTTP 400; Security: fetch: HTTPSConnectionPool(host='onedrop.today', port=443",218.0,na
344.0,Pinkfish,www.pinkfish.pro,hubspot,CAPTURE_FAILED,,"Page did not render real content after a patient re-render (post-JS words=0). Capture problem, not a dead site; recoverable -- retry the capture, do not treat as dead.",Mobile: HTTP 400; Desktop: HTTP 400,0.0,na
360.0,Bone,www.bonerobotics.ai/,wix,CAPTURE_FAILED,,"Page did not render real content after a patient re-render (post-JS words=12). Capture problem, not a dead site; recoverable -- retry the capture, do not treat as dead.",,0.0,na
514.0,Positive Finance,www.positive.finance,squarespace,CAPTURE_FAILED,,"Page did not render real content after a patient re-render (post-JS words=6). Capture problem, not a dead site; recoverable -- retry the capture, do not treat as dead.",,0.0,na
845.0,Swish Robotics,www.swishrobotics.com,webflow,CAPTURE_FAILED,,"Page did not render real content after a patient re-render (post-JS words=0). Capture problem, not a dead site; recoverable -- retry the capture, do not treat as dead.",,0.0,na
887.0,SkillBank,www.joinskillbank.com/,squarespace,CAPTURE_FAILED,,"Page did not render real content after a patient re-render (post-JS words=11). Capture problem, not a dead site; recoverable -- retry the capture, do not treat as dead.",,0.0,na
938.0,Benbase,benbase.com/,custom/static,CAPTURE_FAILED,,"Page did not render real content after a patient re-render (post-JS words=0). Capture problem, not a dead site; recoverable -- retry the capture, do not treat as dead.",,0.0,na
988.0,Talentdrop,www.talentdrop.com,custom/static,CAPTURE_FAILED,,"Page did not render real content after a patient re-render (post-JS words=10). Capture problem, not a dead site; recoverable -- retry the capture, do not treat as dead.",Mobile: HTTP 400; Desktop: HTTP 400,0.0,na
21.0,Bytez,bytez.com,next.js,COMING_SOON_PLACEHOLDER,,"The page is branded 'Bytez - open source AI' with navigation links, but the main content area is visually blank, indicating it's a placeholder or under construction.",,138151.0,na
213.0,PIKL,www.pikl.ai/,squarespace,COMING_SOON_PLACEHOLDER,,The page explicitly states 'Coming Soon!' and invites users to 'Join The Waitlist' for 'Staffing technology'. The branding 'pikl' and copyright 'PIKL INC.' match the company.,,1708.0,na
969.0,ListedB,listedb.com,next.js,COMING_SOON_PLACEHOLDER,,"The page explicitly states 'Something Beautiful is Coming' and 'ListedB v2 is almost here', indicating it's a coming soon placeholder for the company's service.",,506.0,na
194.0,Redapto,redapto.com/,next.js,COMING_SOON_PLACEHOLDER,,"The page displays the company name 'Redapto' and states it is 'Backed by Y Combinator', but provides no further content about products or services, indicating it's a placeholder or coming soon page.",,0.0,na
549.0,Suitpax,suitpax.com,next.js,COMING_SOON_PLACEHOLDER,,"The page is a detailed private preview/marketing site for Suitpax, describing its business travel platform, features, and changelog. It indicates an upcoming official launch and requires an access key or request for early access, fitting a 'coming soon' state.",,0.0,na
870.0,Jurifica,www.jurifica.com,next.js,COMING_SOON_PLACEHOLDER,,"The page explicitly states 'Coming Soon!' and invites users to 'Join the Private Beta Waitlist' for early access, indicating the product is not yet fully launched. The content describes the upcoming product and company.",,0.0,na
907.0,Vanta Ventures,vantacompanies.com/,custom/static,COMING_SOON_PLACEHOLDER,,"The page explicitly states 'Launching Soon' multiple times and provides a contact form for updates, indicating it is a placeholder for a future website. The copyright also mentions 'Vanta Companies'.",Desktop: HTTP 400,0.0,na
923.0,Fams,apps.apple.com/app/id6443483034,react,CONTENT_MISMATCH,,"The page is an Apple App Store listing for the 'FAMS' app, developed by '7me App'. The domain apple.com belongs to Apple Inc., not the company 'Fams' (or its developer). Therefore, it is not the genuine company website for Fams.",,144679521.0,na
286.0,TainAI,oreurak.kr,wordpress,CONTENT_MISMATCH,,"The website is a general information blog with articles on various topics like tax benefits, youth support, health, and local information. This content is completely unrelated to the company name 'TainAI', which suggests an AI or technology company. There is no mention of 'TainAI' or any related pro",,9885.0,na
830.0,Paerpay,www.paerpay.com,shopify,CONTENT_MISMATCH,,"The domain paerpay.com displays content primarily for an online gambling/togel platform named 'MINITOTO', and also includes product listings for flowers/mooncake from 'outerbloom.com'. This content is completely unrelated to the company name 'Paerpay' from the database.",,5755.0,na
815.0,Blockcap,newyorktimeid.blogspot.com/,react,CONTENT_MISMATCH,,"The page is a blog hosted on blogspot.com, discussing online gaming/slots ('Jaguar33', 'Slot 777'), which is completely unrelated to the company 'Blockcap'.",,0.0,na
911.0,SPICYEST,www.spicyest.com,wordpress,CONTENT_MISMATCH,,"The website contains articles on a wide range of unrelated topics such as email ownership, tree care, AI games, flooring, and cleaning products, which do not align with the domain name 'spicyest.com' or the site's stated mission of being about spicy food and recipes.",,0.0,na
519.0,DropCap,www.dropcap.com/,custom/static,ERROR: Grader: Navigation failed (domcontentloaded): Page.goto: Tim,,,"Grader: Navigation failed (domcontentloaded): Page.goto: Timeout 30000ms exceeded.
Cal",9172.0,na
956.0,CASHDROP,www.getcashdrop.com,wordpress,ERROR: Grader: Navigation failed (domcontentloaded): Page.goto: Tim,,,"Grader: Navigation failed (domcontentloaded): Page.goto: Timeout 30000ms exceeded.
Cal",0.0,na
643.0,Grably,grably.us/,react,ERROR: Mobile: HTTP 400; Desktop: HTTP 400; Grader: Navigation fail,,,"Mobile: HTTP 400; Desktop: HTTP 400; Grader: Navigation failed (domcontentloaded): Page.goto: Timeout 30000ms exceeded.
Cal",0.0,na
871.0,Interlace,,,ERROR: No valid URL,,,No valid URL,,na
292.0,3Laws Robotics,3laws.io/,,ERROR: Tech: Connection Error; Mobile: HTTP 400; Desktop: HTTP 400;,,,"Tech: Connection Error; Mobile: HTTP 400; Desktop: HTTP 400; Grader: Navigation failed (domcontentloaded): Page.goto: net::ERR_NAME_NOT_RESOLVED at; AI-readiness: Raw HTML: HTTPSConnectionPool(host='3laws.io', port=443): Ma; Security: fetch: HTTPSConnectionPool(host='3laws.io', port=443): Ma",8996.0,na
651.0,Vybe,thevybeapp.com,,ERROR: Tech: Connection Error; Mobile: HTTP 400; Desktop: HTTP 400;,,,"Tech: Connection Error; Mobile: HTTP 400; Desktop: HTTP 400; Grader: Navigation failed (domcontentloaded): Page.goto: net::ERR_NAME_NOT_RESOLVED at; AI-readiness: Raw HTML: HTTPSConnectionPool(host='thevybeapp.com', port=44; Security: fetch: HTTPSConnectionPool(host='thevybeapp.com', port=44",2677.0,na
144.0,SpacePay,spacepay.co.uk/,,ERROR: Tech: Connection Error; Mobile: HTTP 400; Desktop: HTTP 400;,,,"Tech: Connection Error; Mobile: HTTP 400; Desktop: HTTP 400; Grader: Navigation failed (domcontentloaded): Page.goto: net::ERR_NAME_NOT_RESOLVED at; AI-readiness: Raw HTML: HTTPSConnectionPool(host='spacepay.co.uk', port=44; Security: fetch: HTTPSConnectionPool(host='spacepay.co.uk', port=44",2621.0,na
458.0,Emancro Robotics Corp.,emancro.ai,,ERROR: Tech: Connection Error; Mobile: HTTP 400; Desktop: HTTP 400;,,,"Tech: Connection Error; Mobile: HTTP 400; Desktop: HTTP 400; Grader: Navigation failed (domcontentloaded): Page.goto: net::ERR_NAME_NOT_RESOLVED at; AI-readiness: Raw HTML: HTTPSConnectionPool(host='emancro.ai', port=443): ; Security: fetch: HTTPSConnectionPool(host='emancro.ai', port=443): ",1299.0,na
275.0,Loop Crypto,www.loopcrypto.xyz/,,ERROR: Tech: Connection Error; Mobile: HTTP 400; Desktop: HTTP 400;,,,"Tech: Connection Error; Mobile: HTTP 400; Desktop: HTTP 400; Grader: Navigation failed (domcontentloaded): Page.goto: net::ERR_NAME_NOT_RESOLVED at; AI-readiness: Raw HTML: HTTPSConnectionPool(host='www.loopcrypto.xyz', por; Security: fetch: HTTPSConnectionPool(host='www.loopcrypto.xyz', por",1217.0,na
270.0,HyperTrader,gethypertrader.com,,ERROR: Tech: Connection Error; Mobile: HTTP 400; Desktop: HTTP 400;,,,"Tech: Connection Error; Mobile: HTTP 400; Desktop: HTTP 400; Grader: Navigation failed (domcontentloaded): Page.goto: net::ERR_NAME_NOT_RESOLVED at; AI-readiness: Raw HTML: HTTPSConnectionPool(host='gethypertrader.com', por; Security: fetch: HTTPSConnectionPool(host='gethypertrader.com', por",1013.0,na
598.0,NAVIRO,www.naviro.io,,ERROR: Tech: Connection Error; Mobile: HTTP 400; Desktop: HTTP 400;,,,"Tech: Connection Error; Mobile: HTTP 400; Desktop: HTTP 400; Grader: Navigation failed (domcontentloaded): Page.goto: net::ERR_NAME_NOT_RESOLVED at; AI-readiness: Raw HTML: HTTPSConnectionPool(host='www.naviro.io', port=443; Security: fetch: HTTPSConnectionPool(host='www.naviro.io', port=443",633.0,na
875.0,Lucky Robots,luckyrobots.ai/,,ERROR: Tech: Connection Error; Mobile: HTTP 400; Desktop: HTTP 400;,,,"Tech: Connection Error; Mobile: HTTP 400; Desktop: HTTP 400; Grader: Navigation failed (domcontentloaded): Page.goto: net::ERR_NAME_NOT_RESOLVED at; AI-readiness: Raw HTML: HTTPSConnectionPool(host='luckyrobots.ai', port=44; Security: fetch: HTTPSConnectionPool(host='luckyrobots.ai', port=44",200.0,na
968.0,Thane,www.thane.zone/,,ERROR: Tech: Connection Error; Mobile: HTTP 400; Desktop: HTTP 400;,,,"Tech: Connection Error; Mobile: HTTP 400; Desktop: HTTP 400; Grader: Navigation failed (domcontentloaded): Page.goto: net::ERR_NAME_NOT_RESOLVED at; AI-readiness: Raw HTML: HTTPSConnectionPool(host='www.thane.zone', port=44; Security: fetch: HTTPSConnectionPool(host='www.thane.zone', port=44",145.0,na
481.0,Fern Labs,fern-labs.ai/,,ERROR: Tech: Connection Error; Mobile: HTTP 400; Desktop: HTTP 400;,,,"Tech: Connection Error; Mobile: HTTP 400; Desktop: HTTP 400; Grader: Navigation failed (domcontentloaded): Page.goto: net::ERR_NAME_NOT_RESOLVED at; AI-readiness: Raw HTML: HTTPSConnectionPool(host='fern-labs.ai', port=443); Security: fetch: HTTPSConnectionPool(host='fern-labs.ai', port=443)",108.0,na
577.0,Our Machinery,ourmachinery.com/,,ERROR: Tech: Connection Error; Mobile: HTTP 400; Desktop: HTTP 400;,,,"Tech: Connection Error; Mobile: HTTP 400; Desktop: HTTP 400; Grader: Navigation failed (domcontentloaded): Page.goto: net::ERR_NAME_NOT_RESOLVED at; AI-readiness: Raw HTML: HTTPSConnectionPool(host='ourmachinery.com', port=; Security: fetch: HTTPSConnectionPool(host='ourmachinery.com', port=",0.0,na
750.0,Jolt AI,www.usejolt.ai/,,ERROR: Tech: Connection Error; Mobile: HTTP 400; Desktop: HTTP 400;,,,"Tech: Connection Error; Mobile: HTTP 400; Desktop: HTTP 400; Grader: Navigation failed (domcontentloaded): Page.goto: net::ERR_NAME_NOT_RESOLVED at; AI-readiness: Raw HTML: HTTPSConnectionPool(host='www.usejolt.ai', port=44; Security: fetch: HTTPSConnectionPool(host='www.usejolt.ai', port=44",0.0,na
812.0,Toucan,toucan.events,,ERROR: Tech: Connection Error; Mobile: HTTP 400; Desktop: HTTP 400;,,,"Tech: Connection Error; Mobile: HTTP 400; Desktop: HTTP 400; Grader: Navigation failed (domcontentloaded): Page.goto: net::ERR_NAME_NOT_RESOLVED at; AI-readiness: Raw HTML: HTTPSConnectionPool(host='toucan.events', port=443; Security: fetch: HTTPSConnectionPool(host='toucan.events', port=443",0.0,na
819.0,DAM,www.dam.finance,,ERROR: Tech: Connection Error; Mobile: HTTP 400; Desktop: HTTP 400;,,,"Tech: Connection Error; Mobile: HTTP 400; Desktop: HTTP 400; Grader: Navigation failed (domcontentloaded): Page.goto: net::ERR_NAME_NOT_RESOLVED at; AI-readiness: Raw HTML: HTTPSConnectionPool(host='www.dam.finance', port=4; Security: fetch: HTTPSConnectionPool(host='www.dam.finance', port=4",0.0,na
827.0,simplify.art,www.simplify.art,,ERROR: Tech: Connection Error; Mobile: HTTP 400; Desktop: HTTP 400;,,,"Tech: Connection Error; Mobile: HTTP 400; Desktop: HTTP 400; Grader: Navigation failed (domcontentloaded): Page.goto: net::ERR_NAME_NOT_RESOLVED at; AI-readiness: Raw HTML: HTTPSConnectionPool(host='www.simplify.art', port=; Security: fetch: HTTPSConnectionPool(host='www.simplify.art', port=",0.0,na
840.0,Diagon,diagontech.com/,,ERROR: Tech: Connection Error; Mobile: HTTP 400; Desktop: HTTP 400;,,,"Tech: Connection Error; Mobile: HTTP 400; Desktop: HTTP 400; Grader: Navigation failed (domcontentloaded): Page.goto: net::ERR_NAME_NOT_RESOLVED at; AI-readiness: Raw HTML: HTTPSConnectionPool(host='diagontech.com', port=44; Security: fetch: HTTPSConnectionPool(host='diagontech.com', port=44",0.0,na
880.0,Honeypot Software,honeypotsoftware.com,,ERROR: Tech: Connection Error; Mobile: HTTP 400; Desktop: HTTP 400;,,,"Tech: Connection Error; Mobile: HTTP 400; Desktop: HTTP 400; Grader: Navigation failed (domcontentloaded): Page.goto: net::ERR_NAME_NOT_RESOLVED at; AI-readiness: Raw HTML: HTTPSConnectionPool(host='honeypotsoftware.com', p; Security: fetch: HTTPSConnectionPool(host='honeypotsoftware.com', p",0.0,na
899.0,Taker Protocol,taker.org/,,ERROR: Tech: Connection Error; Mobile: HTTP 400; Desktop: HTTP 400;,,,"Tech: Connection Error; Mobile: HTTP 400; Desktop: HTTP 400; Grader: Navigation failed (domcontentloaded): Page.goto: net::ERR_NAME_NOT_RESOLVED at; AI-readiness: Raw HTML: HTTPSConnectionPool(host='taker.org', port=443): M; Security: fetch: HTTPSConnectionPool(host='taker.org', port=443): M",0.0,na
952.0,ExoDexa,www.exodexa.com,,ERROR: Tech: Connection Error; Mobile: HTTP 400; Desktop: HTTP 400;,,,"Tech: Connection Error; Mobile: HTTP 400; Desktop: HTTP 400; Grader: Navigation failed (domcontentloaded): Page.goto: net::ERR_NAME_NOT_RESOLVED at; AI-readiness: Raw HTML: HTTPSConnectionPool(host='www.exodexa.com', port=4; Security: fetch: HTTPSConnectionPool(host='www.exodexa.com', port=4",0.0,na
954.0,nēdl,home.nedl.com,,ERROR: Tech: Connection Error; Mobile: HTTP 400; Desktop: HTTP 400;,,,"Tech: Connection Error; Mobile: HTTP 400; Desktop: HTTP 400; Grader: Navigation failed (domcontentloaded): Page.goto: net::ERR_NAME_NOT_RESOLVED at; AI-readiness: Raw HTML: HTTPSConnectionPool(host='home.nedl.com', port=443; Security: fetch: HTTPSConnectionPool(host='home.nedl.com', port=443",0.0,na
955.0,Ugami,www.ugami.com,,ERROR: Tech: Connection Error; Mobile: HTTP 400; Desktop: HTTP 400;,,,"Tech: Connection Error; Mobile: HTTP 400; Desktop: HTTP 400; Grader: Navigation failed (domcontentloaded): Page.goto: net::ERR_NAME_NOT_RESOLVED at; AI-readiness: Raw HTML: HTTPSConnectionPool(host='www.ugami.com', port=443; Security: fetch: HTTPSConnectionPool(host='www.ugami.com', port=443",0.0,na
959.0,CultureLancer,culturelancer.co,,ERROR: Tech: Connection Error; Mobile: HTTP 400; Desktop: HTTP 400;,,,"Tech: Connection Error; Mobile: HTTP 400; Desktop: HTTP 400; Grader: Navigation failed (domcontentloaded): Page.goto: net::ERR_NAME_NOT_RESOLVED at; AI-readiness: Raw HTML: HTTPSConnectionPool(host='culturelancer.co', port=; Security: fetch: HTTPSConnectionPool(host='culturelancer.co', port=",0.0,na
965.0,HomeRoom,homeroom.club,,ERROR: Tech: Connection Error; Mobile: HTTP 400; Desktop: HTTP 400;,,,"Tech: Connection Error; Mobile: HTTP 400; Desktop: HTTP 400; Grader: Navigation failed (domcontentloaded): Page.goto: net::ERR_CONNECTION_REFUSED a; AI-readiness: Raw HTML: HTTPSConnectionPool(host='homeroom.club', port=443; Security: fetch: HTTPSConnectionPool(host='homeroom.club', port=443",0.0,na
972.0,Portabl,www.getportabl.com,,ERROR: Tech: Connection Error; Mobile: HTTP 400; Desktop: HTTP 400;,,,"Tech: Connection Error; Mobile: HTTP 400; Desktop: HTTP 400; Grader: Navigation failed (domcontentloaded): Page.goto: net::ERR_NAME_NOT_RESOLVED at; AI-readiness: Raw HTML: HTTPSConnectionPool(host='www.getportabl.com', por; Security: fetch: HTTPSConnectionPool(host='www.getportabl.com', por",0.0,na
980.0,SocialCap AI,socialcap.me,,ERROR: Tech: Connection Error; Mobile: HTTP 400; Desktop: HTTP 400;,,,"Tech: Connection Error; Mobile: HTTP 400; Desktop: HTTP 400; Grader: Navigation failed (domcontentloaded): Page.goto: net::ERR_NAME_NOT_RESOLVED at; AI-readiness: Raw HTML: HTTPSConnectionPool(host='socialcap.me', port=443); Security: fetch: HTTPSConnectionPool(host='socialcap.me', port=443)",0.0,na
984.0,Prog.AI,www.prog.ai/,,ERROR: Tech: Connection Error; Mobile: HTTP 400; Desktop: HTTP 400;,,,"Tech: Connection Error; Mobile: HTTP 400; Desktop: HTTP 400; Grader: Navigation failed (domcontentloaded): Page.goto: net::ERR_NAME_NOT_RESOLVED at; AI-readiness: Raw HTML: HTTPSConnectionPool(host='www.prog.ai', port=443):; Security: fetch: HTTPSConnectionPool(host='www.prog.ai', port=443):",0.0,na
408.0,Curu,curucredit.com/,,ERROR: Tech: SSL Error; Mobile: HTTP 400; Desktop: HTTP 400; Grader,,,"Tech: SSL Error; Mobile: HTTP 400; Desktop: HTTP 400; Grader: Navigation failed (domcontentloaded): Page.goto: net::ERR_SSL_PROTOCOL_ERROR a; AI-readiness: Raw HTML: HTTPSConnectionPool(host='curucredit.com', port=44; Security: SSL: HTTPSConnectionPool(host='curucredit.com', port=44",343.0,na
151.0,Coherence,www.withcoherence.com/,,ERROR: Tech: SSL Error; Mobile: HTTP 400; Desktop: HTTP 400; Grader,,,"Tech: SSL Error; Mobile: HTTP 400; Desktop: HTTP 400; Grader: Navigation failed (domcontentloaded): Page.goto: net::ERR_SSL_VERSION_OR_CIPHE; AI-readiness: Raw HTML: HTTPSConnectionPool(host='www.withcoherence.com', ; Security: SSL: HTTPSConnectionPool(host='www.withcoherence.com', ",0.0,na
620.0,Cypher Wallet,cypherwallet.io,,ERROR: Tech: SSL Error; Mobile: HTTP 400; Desktop: HTTP 400; Grader,,,"Tech: SSL Error; Mobile: HTTP 400; Desktop: HTTP 400; Grader: Navigation failed (domcontentloaded): Page.goto: net::ERR_SSL_PROTOCOL_ERROR a; AI-readiness: Raw HTML: HTTPSConnectionPool(host='cypherwallet.io', port=4; Security: SSL: HTTPSConnectionPool(host='cypherwallet.io', port=4",0.0,na
725.0,TENYX,www.tenyx.com,,ERROR: Tech: SSL Error; Mobile: HTTP 400; Desktop: HTTP 400; Grader,,,"Tech: SSL Error; Mobile: HTTP 400; Desktop: HTTP 400; Grader: Navigation failed (domcontentloaded): Page.goto: net::ERR_SSL_PROTOCOL_ERROR a; AI-readiness: Raw HTML: HTTPSConnectionPool(host='www.tenyx.com', port=443; Security: SSL: HTTPSConnectionPool(host='www.tenyx.com', port=443",0.0,na
755.0,Xiggit,www.xiggit.com,,ERROR: Tech: SSL Error; Mobile: HTTP 400; Desktop: HTTP 400; Grader,,,"Tech: SSL Error; Mobile: HTTP 400; Desktop: HTTP 400; Grader: Navigation failed (domcontentloaded): Page.goto: net::ERR_SSL_UNRECOGNIZED_NAM; AI-readiness: Raw HTML: HTTPSConnectionPool(host='www.xiggit.com', port=44; Security: SSL: HTTPSConnectionPool(host='www.xiggit.com', port=44",0.0,na
756.0,Atri Labs,atrilabs.com,,ERROR: Tech: SSL Error; Mobile: HTTP 400; Desktop: HTTP 400; Grader,,,"Tech: SSL Error; Mobile: HTTP 400; Desktop: HTTP 400; Grader: Navigation failed (domcontentloaded): Page.goto: net::ERR_SSL_PROTOCOL_ERROR a; AI-readiness: Raw HTML: HTTPSConnectionPool(host='atrilabs.com', port=443); Security: SSL: HTTPSConnectionPool(host='atrilabs.com', port=443)",0.0,na
831.0,Tile,tile.sh,,ERROR: Tech: SSL Error; Mobile: HTTP 400; Desktop: HTTP 400; Grader,,,"Tech: SSL Error; Mobile: HTTP 400; Desktop: HTTP 400; Grader: Navigation failed (domcontentloaded): Page.goto: net::ERR_SSL_PROTOCOL_ERROR a; AI-readiness: Raw HTML: HTTPSConnectionPool(host='tile.sh', port=443): Max; Security: SSL: HTTPSConnectionPool(host='tile.sh', port=443): Max",0.0,na
839.0,Terrain Bio,www.terrainbiosciences.com,,ERROR: Tech: SSL Error; Mobile: HTTP 400; Desktop: HTTP 400; Grader,,,Tech: SSL Error; Mobile: HTTP 400; Desktop: HTTP 400; Grader: Navigation failed (domcontentloaded): Page.goto: net::ERR_SSL_VERSION_OR_CIPHE; AI-readiness: Raw HTML: HTTPSConnectionPool(host='www.terrainbiosciences.c; Security: SSL: HTTPSConnectionPool(host='www.terrainbiosciences.c,0.0,na
874.0,Star,starmarkets.net,,ERROR: Tech: SSL Error; Mobile: HTTP 400; Desktop: HTTP 400; Grader,,,"Tech: SSL Error; Mobile: HTTP 400; Desktop: HTTP 400; Grader: Navigation failed (domcontentloaded): Page.goto: net::ERR_CONNECTION_CLOSED at; AI-readiness: Raw HTML: HTTPSConnectionPool(host='starmarkets.net', port=4; Security: SSL: HTTPSConnectionPool(host='starmarkets.net', port=4",0.0,na
896.0,Envelope City,www.envelope.city,,ERROR: Tech: SSL Error; Mobile: HTTP 400; Desktop: HTTP 400; Grader,,,"Tech: SSL Error; Mobile: HTTP 400; Desktop: HTTP 400; Grader: Navigation failed (domcontentloaded): Page.goto: net::ERR_CONNECTION_RESET at ; AI-readiness: Raw HTML: HTTPSConnectionPool(host='www.envelope.city', port; Security: SSL: HTTPSConnectionPool(host='www.envelope.city', port",0.0,na
939.0,ToDooly,www.todooly.com,,ERROR: Tech: SSL Error; Mobile: HTTP 400; Desktop: HTTP 400; Grader,,,"Tech: SSL Error; Mobile: HTTP 400; Desktop: HTTP 400; Grader: Navigation failed (domcontentloaded): Page.goto: net::ERR_SSL_PROTOCOL_ERROR a; AI-readiness: Raw HTML: HTTPSConnectionPool(host='www.todooly.com', port=4; Security: SSL: HTTPSConnectionPool(host='www.todooly.com', port=4",0.0,na
947.0,Wagr,www.wagr.us,,ERROR: Tech: SSL Error; Mobile: HTTP 400; Desktop: HTTP 400; Grader,,,"Tech: SSL Error; Mobile: HTTP 400; Desktop: HTTP 400; Grader: Navigation failed (domcontentloaded): Page.goto: net::ERR_SSL_PROTOCOL_ERROR a; AI-readiness: Raw HTML: HTTPSConnectionPool(host='www.wagr.us', port=443):; Security: SSL: HTTPSConnectionPool(host='www.wagr.us', port=443):",0.0,na
977.0,Henon,www.henon.io,,ERROR: Tech: SSL Error; Mobile: HTTP 400; Desktop: HTTP 400; Grader,,,"Tech: SSL Error; Mobile: HTTP 400; Desktop: HTTP 400; Grader: Navigation failed (domcontentloaded): Page.goto: net::ERR_SSL_VERSION_OR_CIPHE; AI-readiness: Raw HTML: HTTPSConnectionPool(host='www.henon.io', port=443); Security: SSL: HTTPSConnectionPool(host='www.henon.io', port=443)",0.0,na
992.0,Bouncer,www.getbouncer.com,,ERROR: Tech: SSL Error; Mobile: HTTP 400; Desktop: HTTP 400; Grader,,,"Tech: SSL Error; Mobile: HTTP 400; Desktop: HTTP 400; Grader: Navigation failed (domcontentloaded): Page.goto: net::ERR_CONNECTION_CLOSED at; AI-readiness: Raw HTML: HTTPSConnectionPool(host='www.getbouncer.com', por; Security: SSL: HTTPSConnectionPool(host='www.getbouncer.com', por",0.0,na
154.0,CampusAI,campusai.pl,,ERROR: Tech: Timeout; Mobile: HTTP 400; Desktop: HTTP 400; Grader: ,,,"Tech: Timeout; Mobile: HTTP 400; Desktop: HTTP 400; Grader: Navigation failed (domcontentloaded): Page.goto: Timeout 30000ms exceeded.
Cal; AI-readiness: Raw HTML timeout; Security: fetch: HTTPSConnectionPool(host='campusai.pl', port=443):",3847.0,na
510.0,Quantum Art,quantum.art,,ERROR: Tech: Timeout; Mobile: HTTP 400; Desktop: HTTP 400; Grader: ,,,"Tech: Timeout; Mobile: HTTP 400; Desktop: HTTP 400; Grader: Navigation failed (domcontentloaded): Page.goto: Timeout 30000ms exceeded.
Cal; AI-readiness: Raw HTML timeout; Security: fetch: HTTPSConnectionPool(host='quantum.art', port=443):",0.0,na
626.0,Showtime,showtime.xyz/,,ERROR: Tech: Timeout; Mobile: HTTP 400; Desktop: HTTP 400; Grader: ,,,"Tech: Timeout; Mobile: HTTP 400; Desktop: HTTP 400; Grader: Navigation failed (domcontentloaded): Page.goto: Timeout 30000ms exceeded.
Cal; AI-readiness: Raw HTML timeout; Security: fetch: HTTPSConnectionPool(host='showtime.xyz', port=443)",0.0,na
628.0,Sahay AI,sahayai.com/,,ERROR: Tech: Timeout; Mobile: HTTP 400; Desktop: HTTP 400; Grader: ,,,"Tech: Timeout; Mobile: HTTP 400; Desktop: HTTP 400; Grader: Navigation failed (domcontentloaded): Page.goto: Timeout 30000ms exceeded.
Cal; AI-readiness: Raw HTML timeout; Security: fetch: HTTPSConnectionPool(host='sahayai.com', port=443):",0.0,na
794.0,Headroom,www.goheadroom.com/,,ERROR: Tech: Timeout; Mobile: HTTP 400; Desktop: HTTP 400; Grader: ,,,"Tech: Timeout; Mobile: HTTP 400; Desktop: HTTP 400; Grader: Navigation failed (domcontentloaded): Page.goto: Timeout 30000ms exceeded.
Cal; AI-readiness: Raw HTML timeout; Security: fetch: HTTPSConnectionPool(host='www.goheadroom.com', por",0.0,na
859.0,Aomni,getaomni.com/,,ERROR: Tech: Timeout; Mobile: HTTP 400; Desktop: HTTP 400; Grader: ,,,"Tech: Timeout; Mobile: HTTP 400; Desktop: HTTP 400; Grader: Navigation failed (domcontentloaded): Page.goto: Timeout 30000ms exceeded.
Cal; AI-readiness: Raw HTML timeout; Security: fetch: HTTPSConnectionPool(host='getaomni.com', port=443)",0.0,na
960.0,ILUMA,www.getiluma.ai/,,ERROR: Tech: Timeout; Mobile: HTTP 400; Desktop: HTTP 400; Grader: ,,,"Tech: Timeout; Mobile: HTTP 400; Desktop: HTTP 400; Grader: Navigation failed (domcontentloaded): Page.goto: Timeout 30000ms exceeded.
Cal; AI-readiness: Raw HTML timeout; Security: fetch: HTTPSConnectionPool(host='www.getiluma.ai', port=4",0.0,na
983.0,Uthana,uthanaai.com/,,ERROR: Tech: Timeout; Mobile: HTTP 400; Desktop: HTTP 400; Grader: ,,,"Tech: Timeout; Mobile: HTTP 400; Desktop: HTTP 400; Grader: Navigation failed (domcontentloaded): Page.goto: Timeout 30000ms exceeded.
Cal; AI-readiness: Raw HTML timeout; Security: fetch: HTTPSConnectionPool(host='uthanaai.com', port=443)",0.0,na
865.0,WOOW Social Media,play.google.com/store/apps/details,custom/static,ERROR_404_MAINTENANCE,,HTTP 404 on final navigation.,,1175415449.0,na
543.0,Rauda AI,www.rauda.ai/en,webflow,ERROR_404_MAINTENANCE,,HTTP 404 on final navigation.,,3095.0,na
863.0,ImIn,www.imin2.com,,ERROR_404_MAINTENANCE,,"Cloudflare 522 Connection timed out error page, indicating the origin web server timed out and the web page cannot be displayed.","Tech: Timeout; Mobile: HTTP 400; Desktop: HTTP 400; AI-readiness: Raw HTML timeout; Security: fetch: HTTPSConnectionPool(host='www.imin2.com', port=443",2105.0,na
371.0,Storiaverse,www.storiaverse.com/,custom/static,ERROR_404_MAINTENANCE,,HTTP 404 on final navigation.,,1958.0,na
389.0,Bluebook,getbluebook.com/,framer,ERROR_404_MAINTENANCE,,HTTP 404 on final navigation.,,1628.0,na
905.0,Bluebook,getbluebook.com/,framer,ERROR_404_MAINTENANCE,,HTTP 404 on final navigation.,,1628.0,na
714.0,Scatter Lab,www.textat.co.kr,,ERROR_404_MAINTENANCE,,HTTP 404 on final navigation.,"Tech: SSL Error; Mobile: HTTP 400; Desktop: HTTP 400; AI-readiness: Raw HTML: HTTPSConnectionPool(host='www.textat.co.kr', port=; Security: SSL: HTTPSConnectionPool(host='www.textat.co.kr', port=",941.0,na
765.0,Rubber Ducky Labs,www.rubberduckylabs.io,squarespace,ERROR_404_MAINTENANCE,,HTTP 404 on final navigation.,,619.0,na
253.0,Kinto,kinto.xyz,,ERROR_404_MAINTENANCE,,HTTP 404 on final navigation.,"Tech: SSL Error; AI-readiness: Raw HTML: HTTPSConnectionPool(host='kinto.xyz', port=443): M; Security: SSL: HTTPSConnectionPool(host='kinto.xyz', port=443): M",64.0,na
379.0,No Cap,www.nocap.so,custom/static,ERROR_404_MAINTENANCE,,HTTP 404 on final navigation.,,0.0,na
397.0,Lumona,www.lumona.ai,custom/static,ERROR_404_MAINTENANCE,,HTTP 404 on final navigation.,,0.0,na
399.0,PaintJet,paintjet.com,wordpress,ERROR_404_MAINTENANCE,,"The extracted text explicitly states, ""There has been a critical error on this website."" This indicates the site is not fully functional and is displaying an error message.",,0.0,na
641.0,Artifact,www.artifact.io,framer,ERROR_404_MAINTENANCE,,HTTP 404 on final navigation.,,0.0,na
690.0,Southern Lights,www.southernlights.io/,custom/static,ERROR_404_MAINTENANCE,,HTTP 404 on final navigation.,,0.0,na
695.0,Tapestry,www.usetapestry.dev/,custom/static,ERROR_404_MAINTENANCE,,HTTP 404 on final navigation.,,0.0,na
734.0,Amber AI,www.helloamber.ai,squarespace,ERROR_404_MAINTENANCE,,HTTP 404 on final navigation.,,0.0,na
760.0,Airin,www.airin.ai,,ERROR_404_MAINTENANCE,,HTTP 404 on final navigation.,"Tech: SSL Error; AI-readiness: Raw HTML: HTTPSConnectionPool(host='www.airin.ai', port=443); Security: SSL: HTTPSConnectionPool(host='www.airin.ai', port=443)",0.0,na
792.0,sona,sona.care,squarespace,ERROR_404_MAINTENANCE,,HTTP 404 on final navigation.,,0.0,na
795.0,Matrix,www.mtx.gg,framer,ERROR_404_MAINTENANCE,,HTTP 404 on final navigation.,,0.0,na
822.0,Pierre,heypierre.app,custom/static,ERROR_404_MAINTENANCE,,HTTP 404 on final navigation.,,0.0,na
835.0,HelloGuru,www.helloguru.io,custom/static,ERROR_404_MAINTENANCE,,"The page displays a Cloudflare 525 error indicating an SSL handshake failure, preventing access to the website content.",,0.0,na
837.0,Frontline,www.frontlinec.com,wix,ERROR_404_MAINTENANCE,,HTTP 404 on final navigation.,,0.0,na
854.0,Handsome App,www.handsomeapp.com/,squarespace,ERROR_404_MAINTENANCE,,HTTP 404 on final navigation.,,0.0,na
879.0,Perksy,getperksy.com,custom/static,ERROR_404_MAINTENANCE,,Cloudflare error 526: Invalid SSL certificate. The origin web server does not have a valid SSL certificate.,,0.0,na
888.0,Yoom,www.yoom.com,,ERROR_404_MAINTENANCE,,HTTP 404 on final navigation.,"Tech: SSL Error; AI-readiness: Raw HTML: HTTPSConnectionPool(host='www.yoom.com', port=443); Security: SSL: HTTPSConnectionPool(host='www.yoom.com', port=443)",0.0,na
893.0,GiftPocket,www.giftpocket.com,squarespace,ERROR_404_MAINTENANCE,,HTTP 404 on final navigation.,,0.0,na
915.0,GrowthQ,growthq.co/,wix,ERROR_404_MAINTENANCE,,HTTP 404 on final navigation.,,0.0,na
962.0,Kinjo,kinjo.com/,custom/static,ERROR_404_MAINTENANCE,,"The page displays a Cloudflare 522 'Connection timed out' error, indicating the origin web server is not responding.",,0.0,na
973.0,aiConsultia,www.aiconsultia.ai,wix,ERROR_404_MAINTENANCE,,HTTP 404 on final navigation.,,0.0,na
975.0,GigEngyn,www.gigengyn.com,squarespace,ERROR_404_MAINTENANCE,,HTTP 404 on final navigation.,,0.0,na
920.0,Avelis Health,avelis.ai/,custom/static,PARKED_OR_FOR_SALE,,"The domain is parked free, courtesy of GoDaddy.com, and offers a 'Get This Domain' option, indicating it is for sale or parked.","AI-readiness: Raw HTML: HTTPSConnectionPool(host='avelis.ai', port=443): M",281.0,na
437.0,Atolla,atolla.com/,custom/static,PARKED_OR_FOR_SALE,,The page explicitly states 'Domain for sale Atolla.com' and provides forms to 'Make offer' or 'Contact owner' to purchase the domain. It is clearly a domain marketplace listing hosted by Spaceship.,,0.0,na
873.0,Enrich.ly,www.enrich.ly,custom/static,PARKED_OR_FOR_SALE,,DNS delegated to parking/marketplace operator (ns2.atom.com). Not a live company site.,,0.0,na
985.0,Syro,www.syro.com/,custom/static,PARKED_OR_FOR_SALE,,"The domain is parked free, courtesy of GoDaddy.com, and offers a 'Get This Domain' button, indicating it is for sale or parked.",,0.0,na
